Wall time,Step,Value
1649762351.209895,0,0.7815008163452148
1649770328.199912,1,0.9295164942741394
1649778291.762062,2,0.9521974921226501
1649785841.129424,3,0.957568347454071
1649793956.73702,4,0.9622868299484253
1649802187.081412,5,0.9658398628234863
1649810148.245504,6,0.9692814946174622
1649817892.084905,7,0.9719863533973694
1649825776.807655,8,0.9741324782371521
1649833331.424927,9,0.9755964875221252
1649841007.677487,10,0.9770791530609131
1649848778.480839,11,0.9787223935127258
1649856681.624296,12,0.9795049428939819
1649864925.285939,13,0.9801583290100098
1649872858.106779,14,0.9804297685623169
1649880446.136709,15,0.9810813665390015
1649887792.230124,16,0.9815865755081177
1649895069.098044,17,0.9820645451545715
1649902467.619357,18,0.9822595715522766
1649910056.496343,19,0.9821760654449463
1649917536.826787,20,0.9829082489013672
1649924941.767684,21,0.982994556427002
1649932267.622066,22,0.9829037189483643
1649939559.762816,23,0.982864260673523
1649946916.595859,24,0.9830873608589172
1649954142.109809,25,0.9829481840133667
1649961249.968114,26,0.9832724928855896
1649968681.918584,27,0.9835202693939209
1649975939.826912,28,0.9832028746604919
1649983426.647492,29,0.9833924174308777
1649990751.074415,30,0.9835258722305298
1649998057.381386,31,0.9832540154457092
1650005215.854782,32,0.9833584427833557
