Wall time,Step,Value
1649762351.210816,0,0.8453619480133057
1649770328.206398,1,0.8740017414093018
1649778291.900129,2,0.8302793502807617
1649785841.313982,3,0.8570684790611267
1649793956.881247,4,0.89682537317276
1649802187.146887,5,0.6883676052093506
1649810148.370811,6,0.8099088668823242
1649817892.158585,7,0.8223596811294556
1649825776.965901,8,0.9062822461128235
1649833331.637638,9,0.863569974899292
1649841007.762719,10,0.9440082311630249
1649848778.662459,11,0.8191004395484924
1649856681.656778,12,0.9612624645233154
1649864925.394245,13,0.9773779511451721
1649872858.165433,14,0.8750810027122498
1649880446.39936,15,0.9634965062141418
1649887792.236438,16,0.9789156317710876
1649895069.10672,17,0.9767592549324036
1649902467.876687,18,0.9792082905769348
1649910056.502672,19,0.9759100079536438
1649917536.833444,20,0.9804168343544006
1649924942.014114,21,0.9785330891609192
1649932267.713133,22,0.9806952476501465
1649939559.92886,23,0.9799559712409973
1649946916.723615,24,0.980262279510498
1649954142.114728,25,0.981586217880249
1649961249.974196,26,0.9796726703643799
1649968681.959829,27,0.9805108308792114
1649975939.912226,28,0.980389416217804
1649983426.873836,29,0.9809671640396118
1649990751.081326,30,0.9809586405754089
1649998057.387297,31,0.9809328317642212
1650005215.8611,32,0.9808049201965332
